tanggal,jenis_kejadian_bencana,keterangan_jkb,sumber_informasi,alamat_kejadian,kelurahan,kecamatan,wilayah,kerugian_jumlah_kk,taksiran_kerugian,,
2018-01-01,Kebakaran,Bencana Kebakaran,Masyarakat Datang,Jl. Jati Baru,Cideng,Gambir, Kota Administrasi Jakarta Pusat,0,0,,
2018-01-01,Kebakaran,Bencana Kebakaran,Masyarakat Datang,Jl. Swasembada Barat 23,Kebon Bawang,Tanjung Priok, Kota Administrasi Jakarta Utara,0,0,,
2018-01-01,Kebakaran,Bencana Kebakaran,Masyarakat Datang,Jl. Mampang Jaya Poncol,Kuningan Barat,Mampang Prapatan, Kota Administrasi Jakarta Selatan,24,1500000000,,
2018-01-01,Kebakaran,Bencana Kebakaran,Petugas Pemadam,Jl. Bukit Duri Selatan,Bukit Duri,Tebet, Kota Administrasi Jakarta Selatan,0,1152000000,,
2018-01-01,Kebakaran,Bencana Kebakaran,Masyarakat Datang,Jl. Pademangan III Gg 17,Pademangan Timur,Pademangan, Kota Administrasi Jakarta Utara,0,500000,,
2018-01-01,Kebakaran,Bencana Kebakaran,Masyarakat Datang,Jl. Kebon 200 ( Titik Kenal SMP 224 ),Kamal,Kalideres, Kota Administrasi Jakarta Barat,0,200000000,,
2018-01-01,Kebakaran,Bencana Kebakaran,Masyarakat Datang,Jl. Harapan II,Cipinang Melayu,Makasar, Kota Administrasi Jakarta Timur,0,2000000,,
2018-01-01,Penyelamatan,Bencana penanganan B3 (operasi penyelamatan B3),Masyarakat Datang,Jl. Bekasi Timur I No.1,Rawa Bunga,Jatinegara, Kota Administrasi Jakarta Timur,0,0,,
2018-01-01,Kebakaran,Bencana Kebakaran,Masyarakat Datang,Jl. Yos Sudarso Blok B8 No.1,Kebon Bawang,Tanjung Priok, Kota Administrasi Jakarta Utara,0,0,,
2018-01-01,Kebakaran,Bencana Kebakaran,Masyarakat Datang,Jl. Otista Raya,Bidara Cina,Jatinegara, Kota Administrasi Jakarta Timur,0,0,,
2018-01-01,Kebakaran,Bencana Kebakaran,Masyarakat Datang,Pulau Pari,Pulau Pari,Kep. Seribu Selatan, Kota Administrasi Jakarta Utara,0,0,,
2018-01-01,Penyelamatan,Pengendalian Hewan,Masyarakat Datang,Jl. Lubang Buaya,Lubang Buaya,Cipayung, Kota Administrasi Jakarta Timur,0,0,,
2018-01-01,Kebakaran,Bencana Kebakaran,Masyarakat Datang,"Gedung Moratelindo, Jl. Penataran No.9",Pegangsaan ,Menteng, Kota Administrasi Jakarta Pusat,0,100000000,,
2018-01-01,Penyelamatan,Bencana Bangunan Runtuh (operasi penyelamatan Collapse Structure).,Petugas Pemadam,Jl. Bukit Duri Selatan,Bukit Duri,Tebet, Kota Administrasi Jakarta Selatan,0,0,,
2018-01-02,Kebakaran,Bencana Kebakaran,Masyarakat Datang,Jl. Kokan Permata Blok C No.20 (PT. Certisindo Jasa Prima),Kelapa Gading Barat,Kelapa Gading, Kota Administrasi Jakarta Utara,0,1000000,,
2018-01-02,Kebakaran,Bencana Kebakaran,Petugas Pemadam,Jl. Kyai Caringin ( depan Rs Tarakan ),Cideng,Gambir, Kota Administrasi Jakarta Pusat,0,0,,
2018-01-02,Kebakaran,Bencana Kebakaran,Masyarakat Datang,Jl. Cileduk Raya ,cipulir,Kebayoran Lama, Kota Administrasi Jakarta Selatan,0,0,,
2018-01-02,Kebakaran,Bencana Kebakaran,Masyarakat Datang,Jl. Peta Utara No. 29 A,Pegadungan,Kalideres, Kota Administrasi Jakarta Barat,0,6000000,,
2018-01-02,Penyelamatan,Pohon Tumbang,Masyarakat Datang,Jl. Warakas I Gg 23,Papanggo,Tanjung Priok, Kota Administrasi Jakarta Utara,0,0,,
2018-01-02,Kebakaran,Bencana Kebakaran,Masyarakat Datang,Jl. Raya Kresek No. 09 ,Duri Kosambi,Cengkareng, Kota Administrasi Jakarta Barat,0,500000,,
2018-01-02,Penyelamatan,Pengendalian Hewan,Petugas Pemadam,Jl. Sirsak No 2,Jagakarsa,Jagakarsa, Kota Administrasi Jakarta Selatan,0,0,,
2018-01-03,Kebakaran,Bencana Kebakaran,Masyarakat Datang,Jl. Palmeriam Utara,pal meriam,Matraman, Kota Administrasi Jakarta Timur,0,2500000,,
2018-01-03,Penyelamatan,Pengendalian Hewan,Masyarakat Datang,Jl. Ragunan ( Wisma Atlet DKI ),Ragunan,Pasar Minggu, Kota Administrasi Jakarta Selatan,0,0,,
2018-01-03,Penyelamatan,Pengendalian Hewan,Masyarakat Datang,Jl. Elang Malindo 10 Block C1 No 14,Cipinang Melayu,Makasar, Kota Administrasi Jakarta Timur,0,0,,
2018-01-03,Penyelamatan,Pohon Tumbang,Masyarakat Datang,Jl. Gg.Perintis,Kebon Baru,Tebet, Kota Administrasi Jakarta Selatan,0,0,,
2018-01-03,Penyelamatan,Pohon Tumbang,Petugas Instansi Lain,Jl. Pegadengan Timur,Pangadegan,Pancoran, Kota Administrasi Jakarta Selatan,0,0,,
2018-01-03,Kebakaran,Bencana Kebakaran,Masyarakat Datang,Jl.Tanjung Duren Utara III E No 216,Tanjung Duren Utara,Grogol Petamburan, Kota Administrasi Jakarta Barat,0,200000,,
2018-01-04,Kebakaran,Bencana Kebakaran,Masyarakat Datang,Jl. Mampang XIV,Tegal Parang,Mampang Prapatan, Kota Administrasi Jakarta Selatan,0,25000000,,
2018-01-04,Penyelamatan,Pengendalian Hewan,Masyarakat Datang,Jl. Peralihan,Semper Timur,Cilincing, Kota Administrasi Jakarta Utara,0,0,,
2018-01-04,Kebakaran,Bencana Kebakaran,Masyarakat Datang,Jl. H. Sidik,Karet Kuningan,Setiabudi, Kota Administrasi Jakarta Selatan,0,150000000,,
2018-01-04,Penyelamatan,Pengendalian Hewan,Masyarakat Datang,"Jl. Moh. Kahfi I, Gg. Harapan 2 No.71",Ciganjur,Jagakarsa, Kota Administrasi Jakarta Selatan,0,0,,
2018-01-04,Penyelamatan,Pengendalian Hewan,Masyarakat Datang,Jl. Bukit Golf PA 24/25,Pondok Pinang,Kebayoran Lama, Kota Administrasi Jakarta Selatan,0,0,,
2018-01-04,Penyelamatan,Pengendalian Hewan,Masyarakat Datang,Jl. Bungur No.5,Kebayoran Lama Selatan,Kebayoran Lama, Kota Administrasi Jakarta Selatan,0,0,,
2018-01-05,Penyelamatan,Pohon Tumbang,Petugas Pemadam,Jl. Raya Bogor,Rambutan,Ciracas, Kota Administrasi Jakarta Timur,0,0,,
2018-01-05,Kebakaran,Bencana Kebakaran,Masyarakat Datang,Jl. Pandan SD Kincir,Utan Kayu Selatan,Matraman, Kota Administrasi Jakarta Timur,0,0,,
2018-01-05,Penyelamatan,Pohon Tumbang,Masyarakat Datang,Jl. Pedongkelan No. 12 B,Cilincing,Cilincing, Kota Administrasi Jakarta Utara,0,0,,
2018-01-05,Penyelamatan,Bencana Transportasi (operasi penyelamatan Transportasi).,Petugas Pemadam,Jl. M.Khafi 1,Jagakarsa,Jagakarsa, Kota Administrasi Jakarta Selatan,0,15000000,,
2018-01-05,Penyelamatan,Pohon Tumbang,Petugas Instansi Lain,Komp. Brimob Pasar Minggu ,Pejaten Barat,Pasar Minggu, Kota Administrasi Jakarta Selatan,0,0,,
2018-01-05,Penyelamatan,Pengendalian Hewan,Petugas Pemadam,Jl. Prapanca 9,Petogogan,Kebayoran Baru, Kota Administrasi Jakarta Selatan,0,0,,
2018-01-06,Penyelamatan,Pengendalian Hewan,Masyarakat Datang,Jl. Suplir,Cipayung,Cipayung, Kota Administrasi Jakarta Timur,0,0,,
2018-01-07,Kebakaran,Bencana Kebakaran,Masyarakat Datang,Jl. Kali Baru Timur,Utan Panjang,Kemayoran, Kota Administrasi Jakarta Pusat,1,200000000,,
2018-01-07,Kebakaran,Bencana Kebakaran,Masyarakat Datang,Jl. H. Asnawi,Jatipadang,Pasar Minggu, Kota Administrasi Jakarta Selatan,0,1000000,,
2018-01-07,Penyelamatan,Bencana pada Air (operasi penyelamatan pada Air),Masyarakat Datang,Jl. TB Simatupang Blok.A No.5,Gedong,Pasar Rebo, Kota Administrasi Jakarta Timur,0,0,,
2018-01-07,Penyelamatan,Pengendalian Hewan,Masyarakat Datang,Jl. H. Darpi No.20,Tugu Utara,Koja, Kota Administrasi Jakarta Utara,0,0,,
2018-01-07,Penyelamatan,Pengendalian Hewan,Masyarakat Datang,"Jl. Perternakan 1 Blok B, No.17",Pondok Rangon,Cipayung, Kota Administrasi Jakarta Timur,0,0,,
2018-01-07,Penyelamatan,Pengendalian Hewan,Masyarakat Datang,Jl. Pemuda 3. No. 30,Rawamangun,Pulogadung, Kota Administrasi Jakarta Timur,0,0,,
2018-01-07,Penyelamatan,Pengendalian Hewan,Masyarakat Datang,Taman Malaka Jaya,Malaka Jaya,Duren Sawit, Kota Administrasi Jakarta Timur,0,0,,
2018-01-07,Kebakaran,Bencana Kebakaran,Masyarakat Datang,Jl. Pendawa,Menteng Dalam,Tebet, Kota Administrasi Jakarta Selatan,0,0,,
2018-01-07,Penyelamatan,Pengendalian Hewan,Masyarakat Datang,Gang Poso,Srengseng Sawah,Jagakarsa, Kota Administrasi Jakarta Selatan,0,0,,
2018-01-07,Kebakaran,Bencana Kebakaran,Masyarakat Datang,Jl. Kebayoran Lama (Depan RS Medika),Kebayoran Lama Utara,Kebayoran Lama, Kota Administrasi Jakarta Selatan,0,0,,
2018-01-08,Kebakaran,Bencana Kebakaran,Masyarakat Datang,Jl. Lapungan Ros Barat IV No.36,Bukit Duri,Tebet, Kota Administrasi Jakarta Selatan,0,0,,
2018-01-08,Kebakaran,Bencana Kebakaran,Masyarakat Datang,Jl. Jampea Lorong 70,Koja,Koja, Kota Administrasi Jakarta Utara,0,0,,
2018-01-08,Kebakaran,Bencana Kebakaran,Masyarakat Datang,Jl. Melur Tugu 5 No. 18,Tugu Utara,Koja, Kota Administrasi Jakarta Utara,1,100000000,,
2018-01-08,Kebakaran,Bencana Kebakaran,Masyarakat Datang,Jl. Komp Bermis Blok B 4,Pluit,Penjaringan, Kota Administrasi Jakarta Utara,0,2000000,,
2018-01-08,Penyelamatan,Pengendalian Hewan,Petugas Pemadam,Jl. Tebet Barat Dalam 2 No. 26,Tebet Barat,Tebet, Kota Administrasi Jakarta Selatan,0,0,,
2018-01-08,Kebakaran,Bencana Kebakaran,Masyarakat Datang,Jl. Cipinang Kebembem ( SMP Budhaya ),Cipinang,Pulogadung, Kota Administrasi Jakarta Timur,0,0,,
2018-01-08,Penyelamatan,Pengendalian Hewan,Petugas Pemadam,Jl. Raya Warung Buncit No.1,Ragunan,Pasar Minggu, Kota Administrasi Jakarta Selatan,0,0,,
2018-01-08,Penyelamatan,Pengendalian Hewan,Masyarakat Datang,Jl. Balai Rakyat III ,Pondok Bambu,Duren Sawit, Kota Administrasi Jakarta Timur,0,0,,
2018-01-08,Kebakaran,Bencana Kebakaran,Petugas Pemadam,Jl. Rawa Binong,Lubang Buaya,Cipayung, Kota Administrasi Jakarta Timur,0,0,,
2018-01-09,Kebakaran,Bencana Kebakaran,Petugas Instansi Lain,Jl. Sunter Jaya,Sunter Jaya,Tanjung Priok, Kota Administrasi Jakarta Utara,0,60000000,,
2018-01-08,Penyelamatan,Pengendalian Hewan,Masyarakat Datang,Jl. Gg S,Ragunan,Pasar Minggu, Kota Administrasi Jakarta Selatan,0,0,,
2018-01-09,Penyelamatan,Pertolongan Gawat Darurat (Ambulan).,Petugas Instansi Lain,Sudin Kesehatan,Bali Mester,Jatinegara, Kota Administrasi Jakarta Timur,0,0,,
2018-01-09,Kebakaran,Bencana Kebakaran,Masyarakat Datang,Jl. Lebak Para No 79B,Cijantung,Pasar Rebo, Kota Administrasi Jakarta Timur,1,50000000,,
2018-01-09,Kebakaran,Bencana Kebakaran,Masyarakat Datang,Jl. Benda Jaya Utama No 12,Duren Sawit,Duren Sawit, Kota Administrasi Jakarta Timur,1,300000000,,
2018-01-03,Penyelamatan,Pengendalian Hewan,Masyarakat Datang,Jl. Raya Kebagusan Gg.Mansyur,Kebagusan,Pasar Minggu, Kota Administrasi Jakarta Selatan,0,0,,
2018-01-10,Kebakaran,Bencana Kebakaran,Masyarakat Datang,Jl. Kali Sari II,Pekayon,Pasar Rebo, Kota Administrasi Jakarta Timur,0,0,,
2018-01-09,Kebakaran,Bencana Kebakaran,Masyarakat Datang,Jl. Mawar II.,Tugu Utara,Koja, Kota Administrasi Jakarta Utara,0,100000000,,
2018-01-10,Penyelamatan,Pengendalian Hewan,Masyarakat Datang,Jl. Tebet Timur Dalam G5 No 5,Tebet Timur,Tebet, Kota Administrasi Jakarta Selatan,0,0,,
2018-01-10,Kebakaran,Bencana Kebakaran,Petugas Pemadam,Jl. Samping Perumahan Pasadena ,Cengkareng Timur,Cengkareng, Kota Administrasi Jakarta Barat,0,0,,
2018-01-10,Kebakaran,Bencana Kebakaran,Masyarakat Datang, Jl. Agung Perkasa Blok. K,Sunter Agung,Tanjung Priok, Kota Administrasi Jakarta Utara,0,0,,
2018-01-10,Penyelamatan,Pengendalian Hewan,Masyarakat Datang,Jl. H.jubris ,Jatinegara,Cakung, Kota Administrasi Jakarta Timur,0,0,,
2018-01-10,Kebakaran,Bencana Kebakaran,Masyarakat Datang,Universitas Gunadharma Gg.Damai,Pulo gebang,Cakung, Kota Administrasi Jakarta Timur,0,0,,
2018-01-10,Penyelamatan,Pengendalian Hewan,Masyarakat Datang,Jl. Gg. Mansyur No.39,Kebagusan,Pasar Minggu, Kota Administrasi Jakarta Selatan,0,0,,
2018-01-10,Bantuan Operasi,Kerja Bakti,Petugas Pemadam,Pasar Poncol,Bungur ,Senen, Kota Administrasi Jakarta Pusat,0,0,,
2018-01-11,Penyelamatan,Pengendalian Hewan,Masyarakat Datang,"Jl. Taman Palem Lestari, Blok F7B, No. 29",Cengkareng Barat,Cengkareng, Kota Administrasi Jakarta Barat,0,0,,
2018-01-11,Penyelamatan,Pengendalian Hewan,Masyarakat Datang,Jl. Mirinda C6,Tegal Alur,Kalideres, Kota Administrasi Jakarta Barat,0,0,,
2018-01-11,Kebakaran,Bencana Kebakaran,Masyarakat Datang,Jl. Ciasem 3,Rawa Barat,Kebayoran Baru, Kota Administrasi Jakarta Selatan,0,10000000,,
2018-01-11,Kebakaran,Bencana Kebakaran,Petugas Instansi Lain,Kawasan Komplek TMII (Musium Keprajuritan),Ceger,Cipayung, Kota Administrasi Jakarta Timur,0,0,,
2018-01-11,Kebakaran,Bencana Kebakaran,Petugas Pemadam,"Jl. Delima, No. 33",Jati Pulo,Palmerah, Kota Administrasi Jakarta Barat,0,3000000,,
2018-01-11,Penyelamatan,Operasi Penyelamatan Lainnya,Petugas Instansi Lain,Jl. K.H. Hasyim Ashari (Samping Bank BJB),Duri Pulo,Gambir, Kota Administrasi Jakarta Pusat,0,0,,
2018-01-12,Penyelamatan,Pohon Tumbang,Masyarakat Datang,Rumah Dinas Dokter,Pulau Panggang,Kep. Seribu Utara, Kota Administrasi Jakarta Utara,0,0,,
2018-01-12,Penyelamatan,Pengendalian Hewan,Masyarakat Datang,Jl.Utama Raya,Cengkareng Barat,Cengkareng, Kota Administrasi Jakarta Barat,0,0,,
2018-01-12,Kebakaran,Bencana Kebakaran,Masyarakat Datang,Jl.Tidar Komplek Bukit Permai Blok I No 6,Cibubur,Ciracas, Kota Administrasi Jakarta Timur,0,800000,,
2018-01-12,Kebakaran,Bencana Kebakaran,Masyarakat Datang,Jl.Panglima Polim XIII,Melawai,Kebayoran Baru, Kota Administrasi Jakarta Selatan,0,1000000,,
2018-01-12,Kebakaran,Bencana Kebakaran,Masyarakat Datang,Jl.Peternakan II No 16,Kapuk,Cengkareng, Kota Administrasi Jakarta Barat,0,0,,
2018-01-12,Kebakaran,Bencana Kebakaran,Masyarakat Datang,Jl.batu Tulis II,Batu Ampar,Kramat Jati, Kota Administrasi Jakarta Timur,0,10000000,,
2018-01-12,Kebakaran,Bencana Kebakaran,Masyarakat Datang, Jl.Bendungan T IV,Setu,Cipayung, Kota Administrasi Jakarta Timur,0,500000000,,
2018-01-12,Kebakaran,Bencana Kebakaran,Masyarakat Datang,Jl.Jend Ahmad Yani ( Depan Gudang garam ),Cempaka Putih Timur,Cempaka Putih, Kota Administrasi Jakarta Pusat,0,200000000,,
2018-01-12,Kebakaran,Bencana Kebakaran,Masyarakat Datang,Jl.Kapuk Muara,Kapuk Muara,Penjaringan, Kota Administrasi Jakarta Utara,0,150000000,,
2018-01-13,Kebakaran,Bencana Kebakaran,Masyarakat Datang,Jl.Kali Bata,Kalibata,Pancoran, Kota Administrasi Jakarta Selatan,6,700000000,,
2018-01-12,Penyelamatan,Pengendalian Hewan,Masyarakat Datang,Jl.Setia Budi V,Setiabudi,Setiabudi, Kota Administrasi Jakarta Selatan,0,0,,
2018-01-13,Kebakaran,Bencana Kebakaran,Masyarakat Datang,Jl. Kemanggisan Jaya,Kemanggisan,Palmerah, Kota Administrasi Jakarta Barat,0,4000000,,
2018-01-13,Kebakaran,Bencana Kebakaran,Masyarakat Datang,Jl. Mangga Besar Raya No.41,Tangki,Tamansari, Kota Administrasi Jakarta Barat,0,0,,
2018-01-13,Kebakaran,Bencana Kebakaran,Masyarakat Datang,Jl. Al - Mubarokah I,Cipulir,Kebayoran Lama, Kota Administrasi Jakarta Selatan,1,250000000,,
2018-01-13,Kebakaran,Bencana Kebakaran,Masyarakat Datang,Jl. Halim Perdana Kusuma No.1A,Halim Perdana Kusuma,Makasar, Kota Administrasi Jakarta Timur,0,40000000,,
2018-01-13,Penyelamatan,Bencana pada Air (operasi penyelamatan pada Air),Petugas Instansi Lain,Jl. Kali Ciliwung,Pejaten Timur,Pasar Minggu, Kota Administrasi Jakarta Selatan,0,0,,
2018-01-13,Kebakaran,Bencana Kebakaran,Petugas Instansi Lain,Jl. Bukit Duri Barat Raya No.78 B,Bukit Duri,Tebet, Kota Administrasi Jakarta Selatan,0,1000000,,
2018-01-13,Kebakaran,Bencana Kebakaran,Jakarta Siaga 112,Jl. Tipar Timur,Semper Barat,Cilincing, Kota Administrasi Jakarta Utara,0,0,,
2018-01-13,Kebakaran,Bencana Kebakaran,Masyarakat Datang,Jl. Swadaya Utama,Kalideres,Kalideres, Kota Administrasi Jakarta Barat,0,1500000,,
2018-01-14,Kebakaran,Bencana Kebakaran,Masyarakat Datang,Jl. Perempatan Mansyur No.7b,Tanjung Duren Utara,Grogol Petamburan, Kota Administrasi Jakarta Barat,0,0,,
2018-01-14,Bantuan Operasi,Kerja Bakti,Petugas Instansi Lain,Jl. Karang Anyar Raya,Karang Anyar ,Sawah Besar, Kota Administrasi Jakarta Pusat,0,0,,
2018-01-14,Penyelamatan,Operasi Penyelamatan Lainnya,Petugas Instansi Lain,Jl. Fachrudin,Kampung Bali ,Tanah Abang, Kota Administrasi Jakarta Pusat,0,0,,
2018-01-14,Kebakaran,Bencana Kebakaran,Masyarakat Datang,"Jl. Pejaten Barat Mas V, Komp. Villa Pejaten Mas, Blok K",Pejaten Barat,Pasar Minggu, Kota Administrasi Jakarta Selatan,1,5000000,,
2018-01-14,Kebakaran,Bencana Kebakaran,Petugas Instansi Lain,Jl. Sunter Jaya 1,Sunter Jaya,Tanjung Priok, Kota Administrasi Jakarta Utara,0,0,,
2018-01-14,Bantuan Operasi,Kesiagaan/Penjagaan,Petugas Instansi Lain,Stadion Sepak Bola Gelora Bung Karno,Senayan,Kebayoran Baru, Kota Administrasi Jakarta Selatan,0,0,,
2018-01-15,Kebakaran,Bencana Kebakaran,Masyarakat Datang,Jl. Rambutan,Pejaten Barat,Pasar Minggu, Kota Administrasi Jakarta Selatan,1,10000000,,
2018-01-14,Kebakaran,Bencana Kebakaran,Masyarakat Datang,jl. Raya Kalisari II ,Kalisari,Pasar Rebo, Kota Administrasi Jakarta Timur,0,0,,
2018-01-14,Penyelamatan,Pengendalian Hewan,Masyarakat Datang,Jl;. Bendungan Melayu No. 72 ,Tugu Selatan,Koja, Kota Administrasi Jakarta Utara,0,0,,
2018-01-14,Kebakaran,Bencana Kebakaran,Masyarakat Datang,Jl. Yos Suidarso Kv 85,Sunter Jaya,Tanjung Priok, Kota Administrasi Jakarta Utara,0,2000000000,,
2018-01-15,Kebakaran,Bencana Kebakaran,Masyarakat Datang,TMII Ajungan Sumatra Selatan,Ceger,Cipayung, Kota Administrasi Jakarta Timur,0,80000000,,
2018-01-15,Penyelamatan,Pengendalian Hewan,Masyarakat Datang,Jl.RS.Fatmawati Raya,Cipete Utara,Kebayoran Baru, Kota Administrasi Jakarta Selatan,0,0,,
2018-01-15,Penyelamatan,Pohon Tumbang,Masyarakat Datang,Jl.Danau Toba,Bendungan Hilir ,Tanah Abang, Kota Administrasi Jakarta Pusat,0,15000000,,
2018-01-15,Penyelamatan,Pengendalian Hewan,Masyarakat Datang,Jl.Bendungan Melayu Selatan No 80,Tugu Selatan,Koja, Kota Administrasi Jakarta Utara,0,0,,
2018-01-15,Penyelamatan,Pengendalian Hewan,Masyarakat Datang,Jl.Angin Puyuh No 73a Komplek TNI AL,Cilincing,Cilincing, Kota Administrasi Jakarta Utara,0,0,,
2018-01-15,Kebakaran,Bencana Kebakaran,Masyarakat Datang,Jl.Yos Sudarso Kav 85 PT.PLN,Sunter Jaya,Tanjung Priok, Kota Administrasi Jakarta Utara,0,0,,
2018-01-15,Kebakaran,Bencana Kebakaran,Masyarakat Datang,Jl.Yos Sudarso Kav 85 PT.PLN,Sunter Jaya,Tanjung Priok, Kota Administrasi Jakarta Utara,0,0,,
2018-01-15,Penyelamatan,Bencana Bangunan Runtuh (operasi penyelamatan Collapse Structure).,Masyarakat Datang,"Jl.Jend Sudirman No52,53 ( BEI )",Senayan,Kebayoran Baru, Kota Administrasi Jakarta Selatan,0,0,,
2018-01-16,Kebakaran,Bencana Kebakaran,Masyarakat Datang,"Jl. Pasar ikan, Museum Bahari",Penjaringan,Penjaringan, Kota Administrasi Jakarta Utara,0,0,,
2018-01-16,Kebakaran,Bencana Kebakaran,Masyarakat Datang,Jl. Paseban Raya No.27,Paseban ,Senen, Kota Administrasi Jakarta Pusat,0,0,,
2018-01-16,Kebakaran,Bencana Kebakaran,Masyarakat Datang,Jl. Otista Raya No.84,Kampung Mester/Melayu,Jatinegara, Kota Administrasi Jakarta Timur,0,0,,
2018-01-16,Kebakaran,Bencana Kebakaran,Masyarakat Datang,Jl. Kapuk Kamal No.88,Tegal Alur,Kalideres, Kota Administrasi Jakarta Barat,0,0,,
2018-01-16,Kebakaran,Bencana Kebakaran,Masyarakat Datang,"Jl. Tanjung Duren, Gg. Rambutan Timur V",Tanjung Duren Utara,Grogol Petamburan, Kota Administrasi Jakarta Barat,0,1000000,,
2018-01-16,Kebakaran,Bencana Kebakaran,Masyarakat Datang,Jl. Sajo II,Ragunan,Pasar Minggu, Kota Administrasi Jakarta Selatan,0,0,,
2018-01-17,Bantuan Operasi,Kesiagaan/Penjagaan,Petugas Instansi Lain,Jl. Raya Kalimalang (Rumah Dinas TNI AD KPAD),Cipinang Melayu,Makasar, Kota Administrasi Jakarta Timur,0,0,,
2018-01-17,Kebakaran,Bencana Kebakaran,Masyarakat Datang,Jl. Ulujami Raya,Ulujami,Pesanggrahan, Kota Administrasi Jakarta Selatan,0,2000000,,
2018-01-17,Kebakaran,Bencana Kebakaran,Petugas Pemadam,"Jl. Pasar Ikan, No. 1 (Museum Bahari)",Penjaringan,Penjaringan, Kota Administrasi Jakarta Utara,0,0,,
2018-01-17,Penyelamatan,Pengendalian Hewan,Petugas Instansi Lain,"Jl. Duri Utara, Gg. Ular",Duri Utara,Tambora, Kota Administrasi Jakarta Barat,0,0,,
2018-01-17,Penyelamatan,Pengendalian Hewan,Masyarakat Datang,Jl. Pengadegan Selatan 3,Pangadegan,Pancoran, Kota Administrasi Jakarta Selatan,0,0,,
2018-01-17,Penyelamatan,Pengendalian Hewan,Masyarakat Datang,"Jl. Baung, Gg. Kramat",Lenteng Agung,Jagakarsa, Kota Administrasi Jakarta Selatan,0,0,,
2018-01-17,Kebakaran,Bencana Kebakaran,Masyarakat Datang,"Jl. Pasar Ikan, No. 1 (Museum Bahari)",Penjaringan,Penjaringan, Kota Administrasi Jakarta Utara,0,0,,
2018-01-17,Bantuan Operasi,Kesiagaan/Penjagaan,Petugas Instansi Lain,Silang Monas,Gambir ,Gambir, Kota Administrasi Jakarta Pusat,0,0,,
2018-01-17,Kebakaran,Bencana Kebakaran,Petugas Pemadam,Jl. Bambu Apus,Bambu Apus,Cipayung, Kota Administrasi Jakarta Timur,0,0,,
2018-01-17,Penyelamatan,Pengendalian Hewan,Petugas Pemadam,"Jl. Otista 2, Gg. H. Dewel",Bidara CIna,Jatinegara, Kota Administrasi Jakarta Timur,0,0,,
2018-01-18,Kebakaran,Bencana Kebakaran,Masyarakat Datang,Jl. Joglo Raya,Joglo,Kembangan, Kota Administrasi Jakarta Barat,0,0,,
2018-01-18,Kebakaran,Bencana Kebakaran,Masyarakat Datang,"Jl. Pasar Ikan, No. 1 (Museum Bahari)",Penjaringan,Penjaringan, Kota Administrasi Jakarta Utara,0,0,,
2018-01-18,Penyelamatan,Pengendalian Hewan,Masyarakat Datang,Jl.Gaga,Semanan,Kalideres, Kota Administrasi Jakarta Barat,0,0,,
2018-01-18,Kebakaran,Bencana Kebakaran,Masyarakat Datang,"Jl. Pasar Ikan, No. 1 (Museum Bahari)",Penjaringan,Penjaringan, Kota Administrasi Jakarta Utara,0,0,,
2018-01-18,Penyelamatan,Pohon Tumbang,Masyarakat Datang,Jl.Danau Agung,Sunter Jaya,Tanjung Priok, Kota Administrasi Jakarta Utara,0,0,,
2018-01-18,Penyelamatan,Pohon Tumbang,Masyarakat Datang,"Jl.Kamal Raya No 20,Komplek Budha Tzu Chi",Cengkareng Timur,Cengkareng, Kota Administrasi Jakarta Barat,0,0,,
2018-01-18,Kebakaran,Bencana Kebakaran,Masyarakat Datang,"Jl. Pasar Ikan, No. 1 (Museum Bahari)",Penjaringan,Penjaringan, Kota Administrasi Jakarta Utara,0,0,,
2018-01-18,Kebakaran,Bencana Kebakaran,Masyarakat Datang,Jl.Raya Mas Mansyur Depan TPU Bivak,Karet Tengsin,Tanah Abang, Kota Administrasi Jakarta Pusat,0,15000000,,
2018-01-18,Kebakaran,Bencana Kebakaran,Petugas Pemadam,Jl.Raya Penggilingan Komplek Permata,Penggilingan,Cakung, Kota Administrasi Jakarta Timur,0,0,,
2018-01-18,Penyelamatan,Pengendalian Hewan,Masyarakat Datang,Jl.M.Khafi Gg.Kranji No 43,Ciganjur,Jagakarsa, Kota Administrasi Jakarta Selatan,0,0,,
2018-01-19,Penyelamatan,Pohon Tumbang,Petugas Instansi Lain,Jl.Yos Sudarso ( Depan MOI ),Sunter Jaya,Tanjung Priok, Kota Administrasi Jakarta Utara,0,0,,
2018-01-19,Penyelamatan,Pertolongan Gawat Darurat (Ambulan).,Masyarakat Datang,Rusun Marunda Blok A.1 No.202,Marunda,Cilincing, Kota Administrasi Jakarta Utara,0,0,,
2018-01-19,Penyelamatan,Pohon Tumbang,Masyarakat Datang,Jl. Jatipadang (RPTRA Asoka),Jatipadang,Pasar Minggu, Kota Administrasi Jakarta Selatan,0,0,,
2018-01-19,Penyelamatan,Pengendalian Hewan,Masyarakat Datang,"Jl. Al - Barokah II, Gg. H. Kaimin",Cipulir,Kebayoran Lama, Kota Administrasi Jakarta Selatan,0,0,,
2018-01-19,Penyelamatan,Pengendalian Hewan,Masyarakat Datang,Rusun Sidang Kakap I Lt.1 No.10,Koja,Koja, Kota Administrasi Jakarta Utara,0,0,,
2018-01-19,Kebakaran,Bencana Kebakaran,Petugas Pemadam,Jl. Darma Wangsa X No.120A,Cipete Utara,Kebayoran Baru, Kota Administrasi Jakarta Selatan,0,60000000,,
2018-01-20,Penyelamatan,Pohon Tumbang,Petugas Pemadam,Belakang RPTRA KWC,Pulau Tidung,Kep. Seribu Selatan, Kota Administrasi Jakarta Utara,0,0,,
2018-01-20,Kebakaran,Bencana Kebakaran,Masyarakat Datang,"Kav. Polri, Jelambar Madya, Blok A19, No. 425",Jelambar,Grogol Petamburan, Kota Administrasi Jakarta Barat,1,2000000000,,
2018-01-20,Kebakaran,Bencana Kebakaran,Petugas Pemadam,Dermaga Sudin Perikanan,Pulau Panggang,Kep. Seribu Utara, Kota Administrasi Jakarta Utara,0,10000000,,
2018-01-20,Penyelamatan,Pengendalian Hewan,Masyarakat Datang,"Jl. Pembina 1, No. 98",Baru,Pasar Rebo, Kota Administrasi Jakarta Timur,0,0,,
2018-01-20,Penyelamatan,Pohon Tumbang,Masyarakat Datang,Jl. Cilandak KKO,Cilandak Timur,Pasar Minggu, Kota Administrasi Jakarta Selatan,0,0,,
2018-01-20,Kebakaran,Bencana Kebakaran,Masyarakat Datang,"Jl. Raya Bekasi, Km. 21, No. 90",Rawa Terate,Cakung, Kota Administrasi Jakarta Timur,10,500000000,,
2018-01-20,Penyelamatan,Pohon Tumbang,Masyarakat Datang,Jl. Pasar Inpres,Kelapa Gading Timur,Kelapa Gading, Kota Administrasi Jakarta Utara,0,0,,
2018-01-20,Penyelamatan,Pohon Tumbang,Masyarakat Datang,Jl. Marga Satwa,Jatipadang,Pasar Minggu, Kota Administrasi Jakarta Selatan,0,0,,
2018-01-20,Penyelamatan,Pohon Tumbang,Petugas Instansi Lain,Jl. Tiang Bendera  V No. 36,Roa Malaka,Tambora, Kota Administrasi Jakarta Barat,0,0,,
2018-01-20,Penyelamatan,Pohon Tumbang,Petugas Instansi Lain,Jl. Pintu Kecil,Roa Malaka,Tambora, Kota Administrasi Jakarta Barat,0,0,,
2018-01-20,Penyelamatan,Pohon Tumbang,Petugas Pemadam,Jl. Jelambar Timur,jelambar Baru,Grogol Petamburan, Kota Administrasi Jakarta Barat,0,0,,
2018-01-20,Penyelamatan,Pohon Tumbang,Petugas Instansi Lain,Jl. Bangun Nusa ,Cengkareng Timur,Cengkareng, Kota Administrasi Jakarta Barat,0,0,,
2018-01-21,Kebakaran,Bencana Kebakaran,Masyarakat Datang,"Jl. Tol Tanjung Priok, Km. 36.500 (Arah Kebon Bawang)",Lagoa,Koja, Kota Administrasi Jakarta Utara,0,75000000,,
2018-01-21,Bantuan Operasi,Kerja Bakti,Petugas Instansi Lain,Jl. Pagelarang - Taman Bambu,Lubang Buaya,Cipayung, Kota Administrasi Jakarta Timur,0,0,,
2018-01-21,Penyelamatan,Pohon Tumbang,Petugas Pemadam,Jl.Sunter Jaya,Sunter Jaya,Tanjung Priok, Kota Administrasi Jakarta Utara,0,0,,
2018-01-21,Penyelamatan,Pohon Tumbang,Masyarakat Datang,Asrama Palad II,Cakung Barat,Cakung, Kota Administrasi Jakarta Timur,0,0,,
2018-01-21,Penyelamatan,Pengendalian Hewan,Masyarakat Datang,Penggilingan,Penggilingan,Cakung, Kota Administrasi Jakarta Timur,0,0,,
2018-01-21,Penyelamatan,Pohon Tumbang,Petugas Pemadam,Jl.Pademangan III Gg 13,Pademangan Timur,Pademangan, Kota Administrasi Jakarta Utara,0,0,,
2018-01-22,Penyelamatan,Pohon Tumbang,Masyarakat Datang,Jl.Melati III,Cakung Timur,Cakung, Kota Administrasi Jakarta Timur,0,0,,
2018-01-22,Kebakaran,Bencana Kebakaran,Masyarakat Datang,Jl.Cakung Cilincing Tol KM 60,Semper Barat,Cilincing, Kota Administrasi Jakarta Utara,0,0,,
2018-01-21,Penyelamatan,Pengendalian Hewan,Masyarakat Datang,Jl.Raya Lenteng Agung No 37,Lenteng Agung,Jagakarsa, Kota Administrasi Jakarta Selatan,0,0,,
2018-01-21,Bantuan Operasi,Kerja Bakti,Masyarakat Datang,Lingkungan Johar Baru,Johar Baru,Johar Baru, Kota Administrasi Jakarta Pusat,0,0,,
2018-01-21,Bantuan Operasi,Kesiagaan/Penjagaan,Masyarakat Datang,Jl.Suryopranoto,Gambir ,Gambir, Kota Administrasi Jakarta Pusat,0,0,,
2018-01-21,Kebakaran,Bencana Kebakaran,Masyarakat Datang,"Jl.Aren II,Gg.Sate",Tangerang,Tangerang,Kota Tangerang,1,30000000,,
2018-01-22,Penyelamatan,Pohon Tumbang,Masyarakat Datang,Belakang Kantor PANWASLU Pulau Karya,Pulau Panggang,Kep. Seribu Utara, Kota Administrasi Jakarta Utara,0,0,,
2018-01-22,Penyelamatan,Bencana Transportasi (operasi penyelamatan Transportasi).,Masyarakat Datang,Jl. TB Simatupang ,Cilandak Timur,Pasar Minggu, Kota Administrasi Jakarta Selatan,0,0,,
2018-01-22,Penyelamatan,Pengendalian Hewan,Masyarakat Datang,Jl. Komplek Taman Mini Padepokan No.33,Bambu Apus,Cipayung, Kota Administrasi Jakarta Timur,0,0,,
2018-01-22,Kebakaran,Bencana Kebakaran,Masyarakat Datang,Jl. Gandaria II,Gedong,Pasar Rebo, Kota Administrasi Jakarta Timur,0,0,,
2018-01-22,Kebakaran,Bencana Kebakaran,Masyarakat Datang,Jl. Lautze No.12,Kartini,Sawah Besar, Kota Administrasi Jakarta Pusat,0,10000000,,
2018-01-23,Penyelamatan,Bencana Transportasi (operasi penyelamatan Transportasi).,Masyarakat Datang,Jl. Jum'at No.1,Lebak bulus,Cilandak, Kota Administrasi Jakarta Selatan,0,0,,
2018-01-23,Penyelamatan,Bencana Bangunan Runtuh (operasi penyelamatan Collapse Structure).,Petugas Pemadam,Jl. Saharja 1,Manggarai ,Tebet, Kota Administrasi Jakarta Selatan,0,0,,
2018-01-23,Penyelamatan,Pengendalian Hewan,Petugas Instansi Lain,Jl. Taruna XIV,Serdang,Kemayoran, Kota Administrasi Jakarta Pusat,0,0,,
2018-01-23,Penyelamatan,Pohon Tumbang,Masyarakat Datang, Jl. Jatipadang,Jatipadang,Pasar Minggu, Kota Administrasi Jakarta Selatan,0,0,,
2018-01-23,Kebakaran,Bencana Kebakaran,Masyarakat Datang,"Kp. Muka, Kebon Sayur Blok E",Ancol,Pademangan, Kota Administrasi Jakarta Utara,0,40000000,,
2018-01-23,Kebakaran,Bencana Kebakaran,Masyarakat Datang,Jl. Anggrek No.14,Rawa Badak Utara,Koja, Kota Administrasi Jakarta Utara,1,50000,,
2018-01-23,Bantuan Operasi,Kerja Bakti,Masyarakat Datang,Jl. Mas Mansyur (Underpass Tanah Abang),Kampung Bali ,Tanah Abang, Kota Administrasi Jakarta Pusat,0,0,,
2018-01-23,Penyelamatan,Bencana Transportasi (operasi penyelamatan Transportasi).,Petugas Pemadam,Jl. M. Kahfi I,Jagakarsa,Jagakarsa, Kota Administrasi Jakarta Selatan,0,0,,
2018-01-24,Kebakaran,Bencana Kebakaran,Petugas Pemadam,Jl. Srengseng Raya No. 251,Srengseng,Kembangan, Kota Administrasi Jakarta Barat,0,350000000,,
2018-01-24,Kebakaran,Bencana Kebakaran,Petugas Pemadam,Jl.Jamblang III No 6A,Duri Selatan,Tambora, Kota Administrasi Jakarta Barat,1,50000000,,
2018-01-24,Penyelamatan,Pengendalian Hewan,Masyarakat Datang,"Jl.Kesayangan Blok LIII No 24,Citra II",Pegadungan,Kalideres, Kota Administrasi Jakarta Barat,0,0,,
2018-01-24,Penyelamatan,Pohon Tumbang,Petugas Pemadam,Jl.Inspeksi Cengkareng Drain,Kedaung Kali Angke,Cengkareng, Kota Administrasi Jakarta Barat,0,0,,
2018-01-24,Penyelamatan,Pengendalian Hewan,Masyarakat Datang,Jl.Kemuning Raya.Bambu Larangan,Cengkareng Barat,Cengkareng, Kota Administrasi Jakarta Barat,0,0,,
2018-01-24,Penyelamatan,Pengendalian Hewan,Masyarakat Datang,Jl.Kavling Polri Blok G No 49,Jagakarsa,Jagakarsa, Kota Administrasi Jakarta Selatan,0,0,,
2018-01-24,Penyelamatan,Pengendalian Hewan,Masyarakat Datang,Jl.Dirgantara III.Pemancingan Puspita,Halim Perdana Kusuma,Makasar, Kota Administrasi Jakarta Timur,0,0,,
2018-01-24,Kebakaran,Bencana Kebakaran,Masyarakat Datang,Jl.H.Baun,Lebak bulus,Cilandak, Kota Administrasi Jakarta Selatan,0,10000000,,
2018-01-24,Kebakaran,Bencana Kebakaran,Masyarakat Datang,Jl.Raya Lenteng Agung ,Lenteng Agung,Jagakarsa, Kota Administrasi Jakarta Selatan,0,5000000,,
2018-01-24,Kebakaran,Bencana Kebakaran,Masyarakat Datang,Jl.Tipar Cakung,Cakung Barat,Cakung, Kota Administrasi Jakarta Timur,1,10000000,,
2018-01-24,Penyelamatan,Pengendalian Hewan,Masyarakat Datang,Jl.Glora 7,Gelora ,Tanah Abang, Kota Administrasi Jakarta Pusat,0,0,,
2018-01-24,Penyelamatan,Pohon Tumbang,Petugas Instansi Lain,Jl.Anggrek Neli Murni,Kemanggisan,Palmerah, Kota Administrasi Jakarta Barat,0,0,,
2018-01-24,Penyelamatan,Pengendalian Hewan,Masyarakat Datang,"Jl.Daha II,No 14",Selong,Kebayoran Baru, Kota Administrasi Jakarta Selatan,0,0,,
2018-01-24,Kebakaran,Bencana Kebakaran,Masyarakat Datang,"Jl.Pegangsaan Dua,perumahan Arcadia",Pegangsaan Dua,Kelapa Gading, Kota Administrasi Jakarta Utara,0,0,,
2018-01-25,Kebakaran,Bencana Kebakaran,Jakarta Siaga 112,Jl. Bekasi Raya,Rawa Terate,Cakung, Kota Administrasi Jakarta Timur,1,500000000,,
2018-01-25,Penyelamatan,Pengendalian Hewan,Masyarakat Datang,"Jl. Agung Raya II, Gg. H. Joko, No.9",Lenteng Agung,Jagakarsa, Kota Administrasi Jakarta Selatan,0,0,,
2018-01-25,Kebakaran,Bencana Kebakaran,Masyarakat Datang,Jl. Matraman Dalam III No.2-4,Pegangsaan ,Menteng, Kota Administrasi Jakarta Pusat,3,500000000,,
2018-01-25,Kebakaran,Bencana Kebakaran,Masyarakat Datang,"Jl. Putih Meati I, No.10E",Cipete Utara,Kebayoran Baru, Kota Administrasi Jakarta Selatan,1,1800000000,,
2018-01-25,Bantuan Operasi,Kerja Bakti,Masyarakat Datang,Jl. Kramat Jaya,Tugu Utara,Koja, Kota Administrasi Jakarta Utara,0,0,,
2018-01-25,Bantuan Operasi,Kesiagaan/Penjagaan,Petugas Pemadam,Jl. Blora,Menteng,Menteng, Kota Administrasi Jakarta Pusat,0,0,,
2018-01-26,Kebakaran,Bencana Kebakaran,Masyarakat Datang,Jl. Jembatan Lima No.26,Duri Utara,Tambora, Kota Administrasi Jakarta Barat,0,150000000,,
2018-01-26,Penyelamatan,Pengendalian Hewan,Petugas Instansi Lain,Jl. Mawar Kuning,Kalisari,Pasar Rebo, Kota Administrasi Jakarta Timur,0,0,,
2018-01-26,Bantuan Operasi,Kerja Bakti,Petugas Instansi Lain,Jl. Tipar Cakung (SMP Man'baul Hikmah),Sukapura,Cilincing, Kota Administrasi Jakarta Utara,0,0,,
2018-01-26,Kebakaran,Bencana Kebakaran,Masyarakat Datang,"Jl. Gaga Rawa Kompeni, Gg. Masjid Jami Ar- Rahim",Kamal,Kalideres, Kota Administrasi Jakarta Barat,4,200000000,,
2018-01-26,Kebakaran,Bencana Kebakaran,Masyarakat Datang,"Jl. Warung Jati Barat, Gg. Daksa Piun",Kalibata,Pancoran, Kota Administrasi Jakarta Selatan,2,50000000,,
2018-01-26,Kebakaran,Bencana Kebakaran,Masyarakat Datang,Jl. Pangeran Antasari (Ujung),Cilandak Barat,Cilandak, Kota Administrasi Jakarta Selatan,0,60000000,,
2018-01-27,Kebakaran,Bencana Kebakaran,Masyarakat Datang,"Jl. Keutamaan Dalam rt. 7,8,9,10,11,12,13,14,15,16",Krukut,Tamansari, Kota Administrasi Jakarta Barat,600,4500000000,,
2018-01-27,Penyelamatan,Pengendalian Hewan,Masyarakat Datang,Jl.Kramat Asem Raya No 44,Utan Kayu Selatan,Matraman, Kota Administrasi Jakarta Timur,0,0,,
2018-01-27,Penyelamatan,Pohon Tumbang,Masyarakat Datang,Jl.Cipta Sarana Gg.N,Pegangsaan Dua,Kelapa Gading, Kota Administrasi Jakarta Utara,0,0,,
2018-01-27,Kebakaran,Bencana Kebakaran,Petugas Pemadam,Jl.Sunter Pulo Kecil,Sunter Jaya,Tanjung Priok, Kota Administrasi Jakarta Utara,3,500000000,,
2018-01-27,Penyelamatan,Pengendalian Hewan,Masyarakat Datang,Jl.Kelapa Puan,Jagakarsa,Jagakarsa, Kota Administrasi Jakarta Selatan,0,0,,
2018-01-27,Penyelamatan,Pohon Tumbang,Masyarakat Datang,Jl.Mujaer,Jatipadang,Pasar Minggu, Kota Administrasi Jakarta Selatan,0,0,,
2018-01-27,Bantuan Operasi,Kerja Bakti,Masyarakat Datang,Pasar Blora,Menteng,Menteng, Kota Administrasi Jakarta Pusat,0,0,,
2018-01-28,Bantuan Operasi,Kerja Bakti,Petugas Pemadam,Jl. Karet Pasar Baru Barat,Karet Tengsin,Tanah Abang, Kota Administrasi Jakarta Pusat,0,0,,
2018-01-28,Penyelamatan,Pengendalian Hewan,Masyarakat Datang,"Jl. Cempaka Buntu, Cipete, Cilandak",Cipete Selatan,Cilandak, Kota Administrasi Jakarta Selatan,0,0,,
2018-01-28,Bantuan Operasi,Kerja Bakti,Petugas Pemadam,Jl. Juana No.37,Menteng,Menteng, Kota Administrasi Jakarta Pusat,0,0,,
2018-01-28,Penyelamatan,Pengendalian Hewan,Petugas Instansi Lain,"Kantor Kelurahan Mangga Dua Selatan, Jl. Mangga Dua Dalam No.1",Mangga Dua Selatan ,Sawah Besar, Kota Administrasi Jakarta Pusat,0,0,,
2018-01-28,Kebakaran,Bencana Kebakaran,Jakarta Siaga 112,Jl. Cikini IV,Cikini,Menteng, Kota Administrasi Jakarta Pusat,0,700000,,
2018-01-28,Penyelamatan,Pengendalian Hewan,Masyarakat Datang,Jl. Pinding  No.17,Cipedak,Jagakarsa, Kota Administrasi Jakarta Selatan,0,0,,
2018-01-28,Kebakaran,Bencana Kebakaran,Masyarakat Datang,Jl. BKT ( Banjir Kanal Timur ),Pondok kelapa,Duren Sawit, Kota Administrasi Jakarta Timur,0,0,,
2018-01-29,Kebakaran,Bencana Kebakaran,Masyarakat Datang,Jl. Ampera Raya,Ragunan,Pasar Minggu, Kota Administrasi Jakarta Selatan,0,30000000,,
2018-01-29,Penyelamatan,Pengendalian Hewan,Masyarakat Datang,"Jl. Pertiwi, No. 36",Susukan,Ciracas, Kota Administrasi Jakarta Timur,0,0,,
2018-01-29,Penyelamatan,Pengendalian Hewan,Masyarakat Datang,Jl. Mastrip,Rambutan,Ciracas, Kota Administrasi Jakarta Timur,0,0,,
2018-01-29,Penyelamatan,Pengendalian Hewan,Masyarakat Datang,"Jl. Mabes TNI D.5, No. 31",Pondok Rangon,Cipayung, Kota Administrasi Jakarta Timur,0,0,,
2018-01-29,Penyelamatan,Pengendalian Hewan,Petugas Instansi Lain,Komplek Ragunan,Ragunan,Pasar Minggu, Kota Administrasi Jakarta Selatan,0,0,,
2018-01-29,Bantuan Operasi,Kesiagaan/Penjagaan,Petugas Instansi Lain,Komplek Monas (Sepatu Roda),Gambir ,Gambir, Kota Administrasi Jakarta Pusat,0,0,,
2018-01-30,Penyelamatan,Pengendalian Hewan,Masyarakat Datang,Jl.Kembang Murni II Blok J4 No 4,Kembangan Selatan,Kembangan, Kota Administrasi Jakarta Barat,0,0,,
2018-01-30,Kebakaran,Bencana Kebakaran,Masyarakat Datang,Jl.Kp.Sumur Utara,Klender,Duren Sawit, Kota Administrasi Jakarta Timur,12,500000000,,
2018-01-30,Kebakaran,Bencana Kebakaran,Petugas Instansi Lain,Jl.Sungai Berantas No 817,Semper Barat,Cilincing, Kota Administrasi Jakarta Utara,0,0,,
2018-01-30,Kebakaran,Bencana Kebakaran,Masyarakat Datang,Jl.Pantai Indah Utara III,Penjaringan,Penjaringan, Kota Administrasi Jakarta Utara,0,0,,
2018-01-30,Kebakaran,Bencana Kebakaran,Masyarakat Datang,Jl.Cipete Raya No 2,Cipete Selatan,Cilandak, Kota Administrasi Jakarta Selatan,0,10000000,,
2018-01-30,Penyelamatan,Pohon Tumbang,,Jl.Swadaya I,Pejaten Timur,Pasar Minggu, Kota Administrasi Jakarta Selatan,0,0,,
2018-01-31,Kebakaran,Bencana Kebakaran,Masyarakat Datang,Jl Dewi Sartika,Cawang,Kramat Jati, Kota Administrasi Jakarta Timur,0,5000000,,
2018-01-31,Penyelamatan,Pengendalian Hewan,Masyarakat Datang,Komplek PPOP Ragunan,Ragunan,Pasar Minggu, Kota Administrasi Jakarta Selatan,0,0,,
2018-01-31,Penyelamatan,Pengendalian Hewan,Masyarakat Datang,Jl. Apel No.9B,Pesanggrahan,Pesanggrahan, Kota Administrasi Jakarta Selatan,0,0,,
2018-01-31,Kebakaran,Bencana Kebakaran,Masyarakat Datang,Jl. SD III No.53,Pondok Pinang,Kebayoran Lama, Kota Administrasi Jakarta Selatan,0,0,,
2018-01-31,Bantuan Operasi,Kesiagaan/Penjagaan,Petugas Pemadam,Jl. Jend. Ahmad Yani,Rawasari ,Cempaka Putih, Kota Administrasi Jakarta Pusat,0,0,,
2018-01-31,Bantuan Operasi,Kesiagaan/Penjagaan,Petugas Pemadam,Lapangan Futsal Monas,Gambir ,Gambir, Kota Administrasi Jakarta Pusat,0,0,,
2018-01-03,Penyelamatan,Pengendalian Hewan,Masyarakat Datang,Kelapa Dua Wetan,Kelapa Dua Wetan,Ciracas, Kota Administrasi Jakarta Timur,0,0,,
2018-01-06,Penyelamatan,Pengendalian Hewan,Masyarakat Datang,Jl. Kayu Putih Tengah Blok D1 No 8,Pulogadung,Pulogadung, Kota Administrasi Jakarta Timur,0,0,,
